<?xml version="1.0" encoding="UTF-8"?>
<project-private xmlns="http://www.netbeans.org/ns/project-private/1">
    <editor-bookmarks xmlns="http://www.netbeans.org/ns/editor-bookmarks/2" lastBookmarkId="0"/>
    <open-files xmlns="http://www.netbeans.org/ns/projectui-open-files/2">
        <group>
            <file>file:/D:/Materi%20Kuliah/Semester%20IV/PBO/proyek/wangemoney/src/wangemoney/VirtualAccount.java</file>
            <file>file:/D:/Materi%20Kuliah/Semester%20IV/PBO/proyek/wangemoney/src/wangemoney/Wangemoney.java</file>
            <file>file:/D:/Materi%20Kuliah/Semester%20IV/PBO/proyek/wangemoney/src/wangemoney/Login.java</file>
            <file>file:/D:/Materi%20Kuliah/Semester%20IV/PBO/proyek/wangemoney/src/saldo.java</file>
            <file>file:/D:/Materi%20Kuliah/Semester%20IV/PBO/proyek/wangemoney/src/wangemoney/Transaction.java</file>
            <file>file:/D:/Materi%20Kuliah/Semester%20IV/PBO/proyek/wangemoney/src/wangemoney/Customer.java</file>
            <file>file:/D:/Materi%20Kuliah/Semester%20IV/PBO/proyek/wangemoney/src/wangemoney/UserAccount.java</file>
            <file>file:/D:/Materi%20Kuliah/Semester%20IV/PBO/proyek/wangemoney/src/wangemoney/Transfer.java</file>
        </group>
    </open-files>
</project-private>
