<?xml version="1.0" encoding="UTF-8"?>
<project-private xmlns="http://www.netbeans.org/ns/project-private/1">
    <editor-bookmarks xmlns="http://www.netbeans.org/ns/editor-bookmarks/2" lastBookmarkId="0"/>
    <open-files xmlns="http://www.netbeans.org/ns/projectui-open-files/2">
        <group>
            <file>file:/E:/wahuna/PBO/Wange%20Money/WangeMoney/src/Donasi.java</file>
            <file>file:/E:/wahuna/PBO/Wange%20Money/WangeMoney/src/Transfer.java</file>
            <file>file:/E:/wahuna/PBO/Wange%20Money/WangeMoney/src/Bayar.java</file>
            <file>file:/E:/wahuna/PBO/Wange%20Money/WangeMoney/src/Login.java</file>
            <file>file:/E:/wahuna/PBO/Wange%20Money/WangeMoney/src/TopUp.java</file>
            <file>file:/E:/wahuna/PBO/Wange%20Money/WangeMoney/src/Registrasi.java</file>
            <file>file:/E:/wahuna/PBO/Wange%20Money/WangeMoney/src/Home.java</file>
            <file>file:/E:/wahuna/PBO/Wange%20Money/WangeMoney/src/History.java</file>
        </group>
    </open-files>
</project-private>
